{
  "extends": ["tslint:recommended", "tslint-config-prettier", "tslint-plugin-prettier"],
  "rules": {
    "arrow-return-shorthand": [true],
    "class-name": true,
    "encoding": true,
    "interface-name": [false],
    "interface-over-type-literal": true,
    "max-classes-per-file": false,
    "member-access": [true, "no-public"],
    "no-bitwise": false,
    "no-boolean-literal-compare": true,
    "no-duplicate-imports": true,
    "no-empty-interface": false,
    "no-for-in-array": true,
    "no-inferrable-types": true,
    "no-invalid-template-strings": true,
    "no-return-await": true,
    "no-string-throw": true,
    "no-var-keyword": true,
    "object-literal-sort-keys": false,
    "ordered-imports": [
      true,
      {
        "grouped-imports": true,
        "named-imports-order": "lowercase-last"
      }
    ],
    "prefer-const": true,
    "prefer-for-of": false,
    "prefer-function-over-method": true,
    "prefer-object-spread": true,
    "prefer-readonly": true,
    "prefer-template": true,
    "prettier": true,
    "switch-default": true,
    "variable-name": [true, "allow-leading-underscore", "ban-keywords", "check-format", "allow-pascal-case"]
  }
}
